ID,Severity,Start_Time,End_Time,Start_Lat,Start_Lng,End_Lat,End_Lng,Distance(mi),Description,Number,Street,Side,City,County,State,Zipcode,Country,Timezone,Airport_Code,Weather_Timestamp,Temperature(F),Wind_Chill(F),Humidity(%),Pressure(in),Visibility(mi),Wind_Direction,Wind_Speed(mph),Precipitation(in),Weather_Condition,Amenity,Bump,Crossing,Give_Way,Junction,No_Exit,Railway,Roundabout,Station,Stop,Traffic_Calming,Traffic_Signal,Turning_Loop,Sunrise_Sunset,Civil_Twilight,Nautical_Twilight,Astronomical_Twilight
A-2716600,3,2016-02-08 00:37:08,2016-02-08 06:37:08,40.10891,-83.09286,40.11206,-83.03187,3.23,Between Sawmill Rd/Exit 20 and OH-315/Olentangy Riv Rd/Exit 22 - Accident.,,Outerbelt E,R,Dublin,Franklin,OH,43017,US,US/Eastern,KOSU,2016-02-08 00:53:00,42.1,36.1,58.0,29.76,10.0,SW,10.4,0.0,Light Rain,False,False,False,False,False,False,False,False,False,False,False,False,False,Night,Night,Night,Night
A-2716601,2,2016-02-08 05:56:20,2016-02-08 11:56:20,39.86542,-84.0628,39.86501,-84.04873,0.747,At OH-4/OH-235/Exit 41 - Accident.,,I-70 E,R,Dayton,Montgomery,OH,45424,US,US/Eastern,KFFO,2016-02-08 05:58:00,36.9,,91.0,29.68,10.0,Calm,,0.02,Light Rain,False,False,False,False,False,False,False,False,False,False,False,False,False,Night,Night,Night,Night
A-2716602,2,2016-02-08 06:15:39,2016-02-08 12:15:39,39.10266,-84.52468,39.10209,-84.52396,0.055,At I-71/US-50/Exit 1 - Accident.,,I-75 S,R,Cincinnati,Hamilton,OH,45203,US,US/Eastern,KLUK,2016-02-08 05:53:00,36.0,,97.0,29.7,10.0,Calm,,0.02,Overcast,False,False,False,False,True,False,False,False,False,False,False,False,False,Night,Night,Night,Day
A-2716603,2,2016-02-08 06:15:39,2016-02-08 12:15:39,39.10148,-84.52341,39.09841,-84.52241,0.219,At I-71/US-50/Exit 1 - Accident.,,US-50 E,R,Cincinnati,Hamilton,OH,45202,US,US/Eastern,KLUK,2016-02-08 05:53:00,36.0,,97.0,29.7,10.0,Calm,,0.02,Overcast,False,False,False,False,True,False,False,False,False,False,False,False,False,Night,Night,Night,Day
A-2716604,2,2016-02-08 06:51:45,2016-02-08 12:51:45,41.06213,-81.53784,41.06217,-81.53547,0.123,At Dart Ave/Exit 21 - Accident.,,I-77 N,R,Akron,Summit,OH,44311,US,US/Eastern,KAKR,2016-02-08 06:54:00,39.0,,55.0,29.65,10.0,Calm,,,Overcast,False,False,False,False,False,False,False,False,False,False,False,False,False,Night,Night,Day,Day
A-2716605,3,2016-02-08 07:53:43,2016-02-08 13:53:43,39.172393,-84.492792,39.170476,-84.501798,0.5,At Mitchell Ave/Exit 6 - Accident.,,I-75 S,R,Cincinnati,Hamilton,OH,45217,US,US/Eastern,KLUK,2016-02-08 07:53:00,37.0,29.8,93.0,29.69,10.0,WSW,10.4,0.01,Light Rain,False,False,False,False,False,False,False,False,False,False,False,False,False,Day,Day,Day,Day
A-2716606,2,2016-02-08 08:16:57,2016-02-08 14:16:57,39.06324,-84.03243,39.06731,-84.05851,1.427,At Dela Palma Rd - Accident.,,State Route 32,R,Williamsburg,Clermont,OH,45176,US,US/Eastern,KI69,2016-02-08 08:16:00,35.6,29.2,100.0,29.66,10.0,WSW,8.1,,Overcast,False,False,False,False,False,False,False,False,False,False,False,True,False,Day,Day,Day,Day
A-2716607,2,2016-02-08 08:16:57,2016-02-08 14:16:57,39.06708,-84.05855,39.06302,-84.03254,1.423,At Dela Palma Rd - Accident.,1887.0, State Route 32,R,Batavia,Clermont,OH,45103,US,US/Eastern,KI69,2016-02-08 08:16:00,35.6,29.2,100.0,29.66,10.0,WSW,8.1,,Overcast,False,False,False,False,False,False,False,False,False,False,False,False,False,Day,Day,Day,Day
A-2716608,2,2016-02-08 08:15:41,2016-02-08 14:15:41,39.77565,-84.18603,39.77275,-84.18805,0.227,At OH-4/Exit 54 - Accident.,,I-75 S,R,Dayton,Montgomery,OH,45404,US,US/Eastern,KFFO,2016-02-08 08:18:00,33.8,,100.0,29.63,3.0,SW,2.3,,Mostly Cloudy,False,False,False,False,False,False,False,False,False,False,False,False,False,Day,Day,Day,Day
A-2716609,2,2016-02-08 11:51:46,2016-02-08 17:51:46,41.37531,-81.82017,41.36786,-81.82174,0.521,At Bagley Rd/Exit 235 - Accident.,,I-71 S,R,Cleveland,Cuyahoga,OH,44130,US,US/Eastern,KCLE,2016-02-08 11:51:00,33.1,30.0,92.0,29.63,0.5,SW,3.5,0.08,Snow,False,False,False,False,True,False,False,False,False,False,False,False,False,Day,Day,Day,Day
A-2716610,2,2016-02-08 14:19:57,2016-02-08 20:19:57,40.702247,-84.075887,40.69911,-84.084293,0.491,At OH-65/Exit 122 - Accident.,,E Hanthorn Rd,R,Lima,Allen,OH,45806,US,US/Eastern,KAOH,2016-02-08 13:53:00,39.0,31.8,70.0,29.59,10.0,WNW,11.5,,Overcast,False,False,False,False,False,False,False,False,False,False,False,False,False,Day,Day,Day,Day
A-2716611,2,2016-02-08 15:16:43,2016-02-08 21:16:43,40.10931,-82.96849,40.11078,-82.984,0.826,At I-71/Exit 26 - Accident.,,Outerbelt W,R,Westerville,Franklin,OH,43081,US,US/Eastern,KCMH,2016-02-08 15:12:00,32.0,28.7,100.0,29.59,0.5,West,3.5,0.05,Snow,False,False,False,False,False,False,False,False,False,False,False,False,False,Day,Day,Day,Day
A-2716612,2,2016-02-08 15:43:50,2016-02-08 21:43:50,39.19288,-84.47723,39.19615,-84.47335,0.307,At OH-4/Paddock Rd/Exit 9 - Accident.,,I-75 N,R,Cincinnati,Hamilton,OH,45216,US,US/Eastern,KLUK,2016-02-08 15:47:00,33.8,29.6,100.0,29.66,3.0,NNW,4.6,0.03,Light Snow,False,False,False,False,False,False,False,False,False,False,False,False,False,Day,Day,Day,Day
A-2716613,2,2016-02-08 16:50:57,2016-02-08 22:50:57,39.13877,-84.53394,39.13977,-84.5343,0.072,At US-52/Hopple St/Exit 3 - Accident.,,Hopple St,R,Cincinnati,Hamilton,OH,45225,US,US/Eastern,KLUK,2016-02-08 16:53:00,35.1,32.2,96.0,29.69,10.0,South,3.5,,Overcast,False,False,True,False,False,False,False,False,False,False,False,True,False,Day,Day,Day,Day
A-2716614,2,2016-02-08 17:27:39,2016-02-08 23:27:39,41.4739,-81.704233,41.47388,-81.70559,0.07,At US-42/Exit 170 - Accident.,,I-90 E,R,Cleveland,Cuyahoga,OH,44113,US,US/Eastern,KBKL,2016-02-08 17:36:00,33.1,24.4,96.0,29.59,1.8,West,11.5,0.0,Light Snow,False,False,False,False,False,False,False,False,False,False,False,False,False,Day,Day,Day,Day
A-2716615,2,2016-02-08 17:30:18,2016-02-08 23:30:18,39.582242,-83.677814,39.603013,-83.637319,2.59,Between OH-72/Exit 58 and US-35/Exit 65 - Accident.,,I-71 N,R,Jamestown,Greene,OH,45335,US,US/Eastern,KSGH,2016-02-08 17:28:00,33.8,28.6,93.0,29.64,1.0,West,5.8,0.01,Light Snow,False,False,False,False,False,False,False,False,False,False,False,False,False,Day,Day,Day,Day
A-2716616,3,2016-02-08 18:11:11,2016-02-09 00:11:11,40.151785,-81.312635,40.151747,-81.312682,0.004,At Shipley Rd - Accident.,48999.0, Titus Rd,R,Freeport,Guernsey,OH,43973,US,US/Eastern,KPHD,2016-02-08 18:23:00,33.1,,92.0,29.62,10.0,Calm,,,Mostly Cloudy,False,False,False,False,False,False,False,False,False,False,False,False,False,Night,Day,Day,Day
A-2716617,3,2016-02-08 18:11:11,2016-02-09 00:11:11,40.151747,-81.312682,40.151785,-81.312635,0.004,At Titus Rd - Accident.,22549.0, Cadiz Rd,L,Freeport,Harrison,OH,43973-8626,US,US/Eastern,KPHD,2016-02-08 18:23:00,33.1,,92.0,29.62,10.0,Calm,,,Mostly Cloudy,False,False,False,False,False,False,False,False,False,False,False,False,False,Night,Day,Day,Day
A-2716618,3,2016-02-08 19:47:42,2016-02-09 01:47:42,39.97241,-82.84695,39.98529,-82.85667,1.028,At OH-16/Broad St/Exit 39 - Accident.,,Outerbelt N,R,Columbus,Franklin,OH,43213,US,US/Eastern,KCMH,2016-02-08 19:51:00,34.0,,100.0,29.65,6.0,Calm,,0.07,Overcast,False,False,False,False,False,False,False,False,False,False,False,False,False,Night,Night,Night,Night
A-2716619,2,2016-02-08 19:47:42,2016-02-09 01:47:42,39.9838,-82.85657,39.9725,-82.84746,0.918,At I-270 - Accident.,,Outerbelt S,R,Columbus,Franklin,OH,43213,US,US/Eastern,KCMH,2016-02-08 19:51:00,34.0,,100.0,29.65,6.0,Calm,,0.07,Overcast,False,False,False,False,False,False,False,False,False,False,False,False,False,Night,Night,Night,Night
A-2716620,3,2016-02-08 20:13:22,2016-02-09 02:13:22,40.02664,-82.9944,40.01228,-82.99218,0.999,Between Weber Rd/Exit 113 and Hudson St/Exit 112 - Accident.,,North Fwy S,R,Columbus,Franklin,OH,43224,US,US/Eastern,KCMH,2016-02-08 20:12:00,33.8,27.0,100.0,29.63,1.0,West,8.1,0.0,Light Snow,False,False,False,False,False,False,False,False,False,False,False,False,False,Night,Night,Night,Night
A-2716621,4,2016-02-08 21:00:17,2016-02-09 03:00:17,41.679361,-83.573037,41.666124,-83.566335,0.978,Closed between I-475/Exit 204 and US-24/Detroit Ave/Exit 203 - Road closed due to accident.,,I-75 S,R,Toledo,Lucas,OH,43610,US,US/Eastern,KDUH,2016-02-08 20:55:00,33.4,26.6,79.0,29.62,10.0,West,8.1,,Overcast,False,False,False,False,False,False,False,False,False,False,False,False,False,Night,Night,Night,Night
A-2716622,2,2016-02-08 21:10:10,2016-02-09 03:10:10,40.99613,-85.26613,40.98982,-85.26986,0.477,At Fort Wayne - Accident.,,US-33 S,R,Roanoke,Allen,IN,46783,US,US/Eastern,KFWA,2016-02-08 20:54:00,28.0,16.1,88.0,29.71,8.0,West,16.1,0.0,Light Snow,False,False,False,False,False,False,False,False,False,False,False,False,False,Night,Night,Night,Night
A-2716623,3,2016-02-08 21:30:31,2016-02-09 03:30:31,39.0381,-84.59243,39.03475,-84.60007,0.471,At I-275/Exit 185 - Accident.,,I-75 S,R,Ft Mitchell,Kenton,KY,41017,US,US/Eastern,KCVG,2016-02-08 21:15:00,26.6,15.2,80.0,29.73,3.0,West,13.8,0.0,Light Snow,False,False,False,False,False,False,False,False,False,False,False,False,False,Night,Night,Night,Night
A-2716624,2,2016-02-09 05:54:01,2016-02-09 11:54:01,40.03386,-82.99601,40.02246,-82.99515,0.789,Between Broadway/Exit 114 and Weber Rd/Exit 113 - Accident.,,North Fwy N,R,Columbus,Franklin,OH,43224,US,US/Eastern,KCMH,2016-02-09 05:51:00,25.0,15.5,88.0,29.65,1.0,SW,9.2,0.02,Light Snow,False,False,False,False,False,False,False,False,False,False,False,False,False,Night,Night,Night,Night
A-2716625,2,2016-02-09 06:10:59,2016-02-09 12:10:59,39.85798,-84.28181,39.86441,-84.21554,3.543,Between OH-48/Exit 29 and Dayton Intl Airport Rd/Exit 32 - Accident.,,I-70 E,R,Dayton,Montgomery,OH,45415,US,US/Eastern,KDAY,2016-02-09 06:03:00,23.0,10.1,88.0,29.66,2.0,West,15.0,0.0,Light Snow,False,False,False,False,False,False,False,False,False,False,False,False,False,Night,Night,Night,Day
A-2716626,2,2016-02-09 06:46:32,2016-02-09 12:46:32,39.15267,-84.5395,39.14745,-84.53923,0.361,At I-74/US-52/US-27/Exit 4 - Accident.,,I-75 S,R,Cincinnati,Hamilton,OH,45223,US,US/Eastern,KLUK,2016-02-09 06:53:00,21.0,9.3,88.0,29.78,1.5,WSW,11.5,0.01,Light Snow,False,False,False,False,False,False,False,False,False,False,False,False,False,Night,Night,Day,Day
A-2716627,2,2016-02-09 07:18:10,2016-02-09 13:18:10,39.30732,-85.95982,39.30457,-85.96284,0.249,At US-31/Exit 76 - Accident.,,I-65 S,R,Edinburgh,Bartholomew,IN,46124,US,US/Eastern,K1II,2016-02-09 06:50:00,19.0,9.0,100.0,29.05,2.0,W,9.0,,Cloudy,False,False,False,False,False,False,False,False,False,False,False,False,False,Night,Day,Day,Day
A-2716628,4,2016-02-09 07:28:15,2016-02-09 13:28:15,39.77572,-84.04815,39.76485,-84.09274,2.484,Closed between OH-844/Fairfield Rd/Exit 17 and Colonel Glenn Hwy/Exit 15 - Road closed due to accident.,,I-675 S,R,Fairborn,Greene,OH,45324,US,US/Eastern,KFFO,2016-02-09 07:08:00,23.0,12.4,86.0,29.68,1.5,SW,10.4,,Light Snow,False,False,False,False,False,False,False,False,False,False,False,False,False,Night,Day,Day,Day
A-2716629,2,2016-02-09 07:25:40,2016-02-09 13:25:40,39.97643,-83.12306,39.97609,-83.11068,0.656,At I-270/Exit 93 - Accident.,,I-70 E,R,Columbus,Franklin,OH,43228,US,US/Eastern,KTZR,2016-02-09 07:20:00,21.2,8.3,93.0,29.66,1.5,WSW,13.8,,Light Snow,False,False,False,False,False,False,False,False,False,False,False,False,False,Night,Day,Day,Day
A-2716630,3,2016-02-09 07:44:49,2016-02-09 13:44:49,39.58595,-85.82518,39.58444,-85.82301,0.156,At Fairland Rd/400/Exit 109 - Accident.,,US-421 S,R,Shelbyville,Shelby,IN,46176,US,US/Eastern,KGEZ,2016-02-09 07:41:00,21.9,9.8,82.0,29.75,1.5,West,12.7,0.0,Light Snow,False,False,False,False,False,False,False,False,False,False,False,False,False,Day,Day,Day,Day
A-2716631,3,2016-02-09 07:48:40,2016-02-09 13:48:40,39.3638,-85.51659,39.45279,-85.628,8.554,Between US-421/Exit 132 and US-421/Exit 123 - Accident.,,I-74 W,R,Greensburg,Decatur,IN,47240,US,US/Eastern,KBAK,2016-02-09 06:50:00,19.4,8.6,100.0,29.78,2.0,West,9.2,,Light Snow,False,False,False,False,False,False,False,False,False,False,False,False,False,Day,Day,Day,Day
A-2716632,3,2016-02-09 07:48:40,2016-02-09 13:48:40,39.45132,-85.62516,39.36277,-85.51655,8.429,Between US-421/Exit 123 and US-421/Exit 132 - Accident.,,US-421 S,R,Saint Paul,Decatur,IN,47272,US,US/Eastern,KGEZ,2016-02-09 07:48:00,21.2,8.9,86.0,29.75,3.0,West,12.7,0.0,Light Snow,False,False,False,False,False,False,False,False,False,False,False,False,False,Day,Day,Day,Day
A-2716633,2,2016-02-09 08:00:16,2016-02-09 14:00:16,39.75067,-84.14148,39.74883,-84.13402,0.416,At Smithville Rd - Accident.,,US-35 E,R,Dayton,Montgomery,OH,45410,US,US/Eastern,KFFO,2016-02-09 07:58:00,22.5,12.4,90.0,29.73,1.2,SW,9.2,0.0,Light Snow,False,False,False,False,False,False,False,False,False,False,False,False,False,Day,Day,Day,Day
A-2716634,3,2016-02-09 08:02:55,2016-02-09 14:02:55,39.2675,-81.49929,39.26867,-81.49909,0.082,At US-50/Exit 176 - Accident.,,US-50 E,R,Parkersburg,Wood,WV,26104,US,US/Eastern,KPKB,2016-02-09 07:53:00,24.1,13.7,88.0,29.72,1.0,WSW,10.4,0.02,Light Snow,False,False,False,False,False,False,False,False,False,False,False,False,False,Day,Day,Day,Day
A-2716635,2,2016-02-09 08:18:58,2016-02-09 14:18:58,39.86025,-85.96623,39.86025,-85.96623,0.0,At High Timber Dr - Accident.,5800.0, Long Lake Ln,L,Indianapolis,Marion,IN,46235-6127,US,US/Eastern,KMQJ,2016-02-09 08:14:00,19.4,5.0,86.0,29.76,5.0,WNW,16.1,,Overcast,False,False,False,False,False,False,False,False,False,False,False,False,False,Day,Day,Day,Day
A-2716636,2,2016-02-09 09:07:19,2016-02-09 15:07:19,41.95677,-83.67214,41.95939,-83.67235,0.181,At M-50/Exit 17 - Accident.,,US-23 N,R,Dundee,Monroe,MI,48131,US,US/Eastern,KTTF,2016-02-09 09:14:00,30.2,22.6,93.0,29.58,1.2,West,8.1,,Light Snow,False,False,False,False,False,False,False,False,False,False,False,False,False,Day,Day,Day,Day
A-2716637,3,2016-02-09 10:07:49,2016-02-09 16:07:49,38.27401,-85.74844,38.28558,-85.75518,0.879,Between US-31/IN-62 and Stansifer Ave/Exit 1 - Accident.,,I-65 S,R,Jeffersonville,Clark,IN,47130,US,US/Eastern,KLOU,2016-02-09 09:53:00,23.0,11.1,74.0,29.87,10.0,West,12.7,,Overcast,False,False,False,False,False,False,False,False,False,False,False,False,False,Day,Day,Day,Day
A-2716638,2,2016-02-09 11:09:49,2016-02-09 17:09:49,41.95677,-83.67214,41.95939,-83.67235,0.181,At M-50/Exit 17 - Accident.,,US-23 N,R,Dundee,Monroe,MI,48131,US,US/Eastern,KTTF,2016-02-09 11:15:00,31.8,22.3,84.0,29.6,2.5,WNW,12.7,,Light Snow,False,False,False,False,False,False,False,False,False,False,False,False,False,Day,Day,Day,Day
A-2716639,2,2016-02-09 11:28:49,2016-02-09 17:28:49,40.52225,-80.06666,40.5283,-80.07188,0.5,At Camp Horne Rd/Exit 15 - Accident.,,I-279 N,R,Pittsburgh,Allegheny,PA,15237,US,US/Eastern,KPIT,2016-02-09 11:12:00,30.0,20.0,88.0,29.56,1.5,West,12.7,0.0,Light Snow,False,False,False,False,False,False,False,False,False,False,False,False,False,Day,Day,Day,Day
A-2716640,2,2016-02-09 12:31:08,2016-02-09 18:31:08,40.487814,-80.009439,40.48614,-80.009008,0.118,At Venture St/Exit 10 - Accident.,,US-19 Trk S,R,Pittsburgh,Allegheny,PA,15214,US,US/Eastern,KAGC,2016-02-09 12:53:00,28.9,18.2,82.0,29.61,1.0,SW,13.8,0.0,Light Snow,False,False,False,False,False,False,False,False,False,False,False,False,False,Day,Day,Day,Day
A-2716641,4,2016-02-09 15:33:59,2016-02-09 21:33:59,40.156298,-83.018431,40.153321,-83.018205,0.206,Closed at Gold Meadow Dr - Road closed due to accident.,9219.0, Columbus Pike,L,Lewis Center,Delaware,OH,43035-9415,US,US/Eastern,KDLZ,2016-02-09 15:36:00,26.6,16.8,86.0,29.68,2.0,West,10.4,,Light Snow,False,False,False,False,False,False,False,False,False,False,False,False,False,Day,Day,Day,Day
A-2716642,2,2016-02-09 17:12:40,2016-02-09 23:12:40,41.47461,-81.71182,41.47023,-81.74188,1.585,Between 41st St/Exit 169 and OH-10/Lorain Ave/Exit 167 - Accident.,,Northwest Fwy W,R,Cleveland,Cuyahoga,OH,44113,US,US/Eastern,KBKL,2016-02-09 17:13:00,30.9,18.7,92.0,29.62,1.0,West,19.6,0.0,Light Snow,False,False,False,False,False,False,False,False,False,False,False,False,False,Day,Day,Day,Day
A-2716643,2,2016-02-09 17:13:58,2016-02-09 23:13:58,41.0618,-81.54608,41.06193,-81.54149,0.239,At OH-59/Exit 21 - Accident.,,I-76 E,R,Akron,Summit,OH,44307,US,US/Eastern,KAKR,2016-02-09 17:13:00,28.9,20.4,82.0,29.62,2.5,SW,9.2,0.0,Light Snow,False,False,False,False,False,False,False,False,False,False,False,False,False,Day,Day,Day,Day
A-2716644,4,2016-02-09 18:20:58,2016-02-10 00:20:58,40.45112,-85.15048,40.35429,-85.14993,6.69,Closed between IN-26 and IN-67 - Road closed due to accident.,9001.0, W State Road 26,R,Dunkirk,Jay,IN,47336,US,US/Eastern,KMIE,2016-02-09 18:20:00,19.9,7.3,81.0,29.85,2.0,WNW,12.7,0.0,Light Snow,False,False,False,False,False,False,False,False,False,False,False,False,False,Night,Day,Day,Day
A-2716645,4,2016-02-09 18:20:58,2016-02-10 00:20:58,40.35429,-85.14993,40.45112,-85.15048,6.69,Closed between IN-67 and IN-26 - Road closed due to accident.,473.0, N Meridian St,R,Redkey,Jay,IN,47373-9430,US,US/Eastern,KMIE,2016-02-09 18:20:00,19.9,7.3,81.0,29.85,2.0,WNW,12.7,0.0,Light Snow,False,False,False,False,False,False,False,False,False,False,False,False,False,Night,Day,Day,Day
A-2716646,4,2016-02-09 22:37:48,2016-02-10 04:37:48,39.75855,-85.13715,39.74408,-85.13749,1.0,Closed between Lindsey Rd and Bentonville Rd - Road closed due to accident.,5149.0, S State Road 1,R,Milton,Wayne,IN,47357-9741,US,US/Eastern,KAID,2016-02-09 15:45:00,23.0,11.7,80.0,29.79,3.0,WNW,11.5,,Light Snow,False,False,False,False,False,False,False,False,False,False,False,False,False,Night,Night,Night,Night
A-2716647,4,2016-02-09 22:37:48,2016-02-10 04:37:48,39.74408,-85.13749,39.75855,-85.13715,1.0,Closed between Bentonville Rd and Lindsey Rd - Road closed due to accident.,6114.0, S State Road 1,L,Milton,Wayne,IN,47357,US,US/Eastern,KAID,2016-02-09 15:45:00,23.0,11.7,80.0,29.79,3.0,WNW,11.5,,Light Snow,False,False,False,False,False,False,False,False,False,False,False,False,False,Night,Night,Night,Night
A-2716648,4,2016-02-10 06:17:32,2016-02-10 12:17:32,39.965148,-83.020499,39.976605,-83.021071,0.792,Closed between US-33/Dublin Rd and Goodale St - Road closed due to accident.,,W Innerbelt N,R,Columbus,Franklin,OH,43215,US,US/Eastern,KCMH,2016-02-10 06:19:00,15.8,2.7,73.0,29.87,4.0,WSW,11.5,0.0,Light Snow,False,False,False,False,False,False,False,False,False,False,False,False,False,Night,Night,Night,Day
A-2716649,4,2016-02-10 06:18:49,2016-02-10 12:18:49,40.72813,-84.78965,40.74559,-84.78962,1.206,Closed between Willshire and US-33/Rockford Rd - Road closed due to accident.,12998.0, State Route 49,R,Willshire,Van Wert,OH,45898-9523,US,US/Eastern,KFWA,2016-02-10 05:54:00,17.1,0.6,77.0,29.91,2.5,West,19.6,0.01,Light Snow,False,False,False,False,False,False,False,False,False,False,False,False,False,Night,Night,Night,Day
A-2716650,2,2016-02-10 06:29:48,2016-02-10 12:29:48,39.85223,-85.25847,39.85227,-85.26282,0.231,At Wilbur Wright Rd/Exit 131 - Accident.,,I-70 W,R,Straughn,Henry,IN,47387,US,US/Eastern,KAID,2016-02-10 08:46:00,12.2,-1.8,85.0,29.97,2.0,West,11.5,,Light Snow,False,False,False,False,False,False,False,False,False,False,False,False,False,Night,Night,Night,Day
A-2716651,2,2016-02-10 08:19:15,2016-02-10 14:19:15,41.46747,-81.75909,41.47442,-81.71182,2.494,Between West Blvd/98th St/Exit 167 and 41st St/Exit 169 - Accident.,,I-90 E,R,Cleveland,Cuyahoga,OH,44111,US,US/Eastern,KCLE,2016-02-10 07:51:00,19.9,5.7,78.0,29.83,8.0,WSW,16.1,0.0,Light Snow,False,False,False,False,False,False,False,False,False,False,False,False,False,Day,Day,Day,Day
A-2716652,2,2016-02-10 08:35:27,2016-02-10 14:35:27,41.83193,-80.10143,41.84149,-80.11099,0.824,Between Irish Rd and Blystone Rd - Accident.,25529.0, Highway 99,L,Cambridge Springs,Crawford,PA,16403,US,US/Eastern,KGKJ,2016-02-10 08:34:00,21.0,9.9,85.0,29.69,1.0,WSW,10.4,0.0,Light Snow,False,False,False,False,False,False,False,False,False,False,False,False,False,Day,Day,Day,Day
A-2716653,2,2016-02-10 08:44:31,2016-02-10 14:44:31,39.744287,-84.204939,39.75052,-84.20541,0.431,At US-35/Albany St/Exit 52 - Accident.,,I-75 N,R,Dayton,Montgomery,OH,45417,US,US/Eastern,KDAY,2016-02-10 08:47:00,14.0,-2.5,84.0,29.92,3.0,West,17.3,0.0,Light Snow,False,False,False,False,False,False,False,False,False,False,False,False,False,Day,Day,Day,Day
A-2716654,3,2016-02-10 08:39:16,2016-02-10 14:39:16,39.71548,-84.22033,39.71767,-84.21632,0.261,At Dryden Rd/Exit 50 - Accident.,,I-75 N,R,Dayton,Montgomery,OH,45439,US,US/Eastern,KMGY,2016-02-10 08:33:00,14.0,1.2,80.0,29.93,1.5,WSW,10.4,0.0,Light Snow,False,False,False,False,False,False,False,False,False,False,False,False,False,Day,Day,Day,Day
A-2716655,2,2016-02-10 08:39:16,2016-02-10 14:39:16,39.7504,-84.20561,39.73167,-84.2058,1.294,Between US-35/Albany St/Exit 52 and Edwin C Moses Blvd/Exit 51 - Accident.,,I-75 N,R,Dayton,Montgomery,OH,45402,US,US/Eastern,KFFO,2016-02-10 08:58:00,15.3,2.8,81.0,29.98,2.0,WSW,10.4,0.0,Light Snow,False,False,False,False,False,False,False,False,False,False,False,False,False,Day,Day,Day,Day
A-2716656,2,2016-02-10 08:48:06,2016-02-10 14:48:06,41.72316,-84.96444,41.715052,-84.951306,0.879,Between James Whitcomb Riley Service Area and Eastpoint Barrier Toll Plaza - Accident.,,I-90 E,R,Fremont,Steuben,IN,46737,US,US/Eastern,KANQ,2016-02-10 08:55:00,17.6,10.7,93.0,29.83,2.0,West,4.6,,,False,False,False,False,False,False,False,False,False,False,False,False,False,Day,Day,Day,Day
A-2716657,2,2016-02-10 09:06:09,2016-02-10 15:06:09,40.04376,-82.99708,40.06376,-82.99679,1.382,Between Cooke Rd/Exit 115 and Morse Rd/Exit 116 - Accident.,,North Fwy N,R,Columbus,Franklin,OH,43224,US,US/Eastern,KCMH,2016-02-10 09:07:00,15.8,3.4,79.0,29.9,1.0,WSW,10.4,0.01,Light Snow,False,False,False,False,False,False,False,False,False,False,False,False,False,Day,Day,Day,Day
A-2716658,2,2016-02-10 09:06:09,2016-02-10 15:06:09,38.1781,-85.71946,38.18104,-85.72116,0.223,At KY-61/Grade Lane/Exit 130 - Accident.,,Dr Martin Luther King Jr Expy N,R,Louisville,Jefferson,KY,40213,US,US/Eastern,KSDF,2016-02-10 08:56:00,17.1,5.8,68.0,30.12,10.0,West,9.2,0.0,Mostly Cloudy,False,False,False,False,False,False,False,False,False,False,False,False,False,Day,Day,Day,Day
A-2716659,2,2016-02-10 09:08:29,2016-02-10 15:08:29,38.18577,-85.80678,38.20648,-85.82785,1.832,Between US-31/US-60/Exit 8 and South Cane Run Rd/Exit 5 - Accident.,,Henry Watterson Expy W,R,Louisville,Jefferson,KY,40216,US,US/Eastern,KSDF,2016-02-10 08:56:00,17.1,5.8,68.0,30.12,10.0,West,9.2,0.0,Mostly Cloudy,False,False,False,False,False,False,False,False,False,False,False,False,False,Day,Day,Day,Day
A-2716660,3,2016-02-10 09:08:29,2016-02-10 15:08:29,38.27191,-85.80838,38.27191,-85.80838,0.0,At Bank St/Exit 1 - Accident.,,Henry Watterson Expy W,R,Louisville,Jefferson,KY,40212,US,US/Eastern,KSDF,2016-02-10 08:56:00,17.1,5.8,68.0,30.12,10.0,West,9.2,0.0,Mostly Cloudy,False,False,False,False,False,False,False,False,False,False,False,False,False,Day,Day,Day,Day
A-2716661,2,2016-02-10 09:18:13,2016-02-10 15:18:13,39.923905,-82.87008,39.93844,-82.84829,1.53,At I-70/US-40/Main St/Exit 43 - Accident.,,Outerbelt N,R,Columbus,Franklin,OH,43232,US,US/Eastern,KCMH,2016-02-10 09:07:00,15.8,3.4,79.0,29.9,1.0,WSW,10.4,0.01,Light Snow,False,False,False,False,False,False,False,False,False,False,False,False,False,Day,Day,Day,Day
A-2716662,2,2016-02-10 09:34:38,2016-02-10 15:34:38,41.035566,-81.569917,41.036015,-81.579895,0.521,At OH-619/Wooster Rd/Exit 17 - Accident.,,I-76 W,R,Akron,Summit,OH,44314,US,US/Eastern,KAKR,2016-02-10 09:46:00,21.0,6.6,74.0,29.79,1.5,WSW,17.3,0.0,Light Snow,False,False,False,False,True,False,False,False,False,False,False,False,False,Day,Day,Day,Day
A-2716663,3,2016-02-10 10:18:13,2016-02-10 16:18:13,39.9239,-83.68767,39.93271,-83.61197,4.057,Between US-40/Exit 62 and OH-54/Exit 66 - Accident.,,E National Rd,R,South Charleston,Clark,OH,45368,US,US/Eastern,KSGH,2016-02-10 10:15:00,15.8,0.3,79.0,29.94,2.0,WSW,16.1,0.0,Light Snow,False,False,False,False,False,False,False,False,False,False,False,False,False,Day,Day,Day,Day
A-2716664,2,2016-02-10 10:21:52,2016-02-10 16:21:52,41.851914,-80.175232,41.858231,-80.176444,0.441,At US-6/Exit 166 - Accident.,,I-79 N,R,Edinboro,Erie,PA,16412,US,US/Eastern,KERI,2016-02-10 10:16:00,24.1,12.5,77.0,29.72,0.8,West,12.7,0.04,Light Snow,False,False,False,False,False,False,False,False,False,False,False,False,False,Day,Day,Day,Day
A-2716665,2,2016-02-10 10:47:49,2016-02-10 16:47:49,39.93849,-82.84849,39.89923,-82.90135,3.899,Between I-70/US-40/Main St/Exit 43 and US-33/Exit 46 - Accident.,,Outerbelt S,R,Columbus,Franklin,OH,43232,US,US/Eastern,KCMH,2016-02-10 10:51:00,17.1,3.0,77.0,29.96,1.5,West,13.8,0.0,Light Snow,False,False,False,False,False,False,False,False,False,False,False,False,False,Day,Day,Day,Day
A-2716666,2,2016-02-10 11:09:08,2016-02-10 17:09:08,38.96943,-80.1096,39.00263,-80.22647,6.683,At Talbott Rd - Accident.,,US-33 E,R,Buckhannon,Upshur,WV,26201,US,US/Eastern,KW22,2016-02-10 11:15:00,15.8,,79.0,29.87,6.0,Calm,,,Light Snow,False,False,False,False,False,False,False,False,False,False,False,False,False,Day,Day,Day,Day
A-2716667,2,2016-02-10 11:09:08,2016-02-10 17:09:08,39.00248,-80.22624,38.96911,-80.11072,6.619,At Talbott Rd - Accident.,,US-33 E,R,Buckhannon,Upshur,WV,26201,US,US/Eastern,KW22,2016-02-10 11:15:00,15.8,,79.0,29.87,6.0,Calm,,,Light Snow,False,False,False,False,False,False,False,False,False,False,False,False,False,Day,Day,Day,Day
A-2716668,2,2016-02-10 11:55:16,2016-02-10 17:55:16,41.66805,-83.57063,41.66553,-83.56532,0.325,At US-24/Detroit Ave/Exit 203 - Accident.,,I-75 S,R,Toledo,Lucas,OH,43606,US,US/Eastern,KDUH,2016-02-10 11:55:00,21.9,12.5,68.0,29.87,10.0,NW,8.1,,Overcast,False,False,False,False,False,False,False,False,False,False,False,False,False,Day,Day,Day,Day
A-2716669,2,2016-02-10 12:54:39,2016-02-10 18:54:39,41.48339,-81.66297,41.47692,-81.66075,0.462,At I-490/Exit 161 - Accident.,3937.0, Iron Ct,L,Cleveland,Cuyahoga,OH,44115,US,US/Eastern,KBKL,2016-02-10 12:53:00,24.1,7.1,75.0,29.82,2.0,West,28.8,0.0,Light Snow,False,False,False,False,False,False,False,False,False,False,False,False,False,Day,Day,Day,Day
A-2716670,3,2016-02-10 13:34:10,2016-02-10 19:34:10,41.50127,-81.4804,41.50311,-81.47745,0.199,At Brainard Rd/Cedar Rd/Exit 32 - Accident.,,I-271 N,R,Cleveland,Cuyahoga,OH,44124,US,US/Eastern,KCGF,2016-02-10 13:45:00,24.8,11.9,80.0,29.8,1.5,West,16.1,,Light Snow,False,False,False,False,False,False,False,False,False,False,False,False,False,Day,Day,Day,Day
A-2716671,4,2016-02-10 13:59:39,2016-02-10 19:59:39,39.789093,-82.989106,39.72395,-82.9867,4.503,Closed between OH-762/Duvall Rd and OH-752 - Road closed due to accident.,9935.0, US Highway 23,R,Lockbourne,Franklin,OH,43137-9656,US,US/Eastern,KLCK,2016-02-10 13:55:00,18.0,2.6,81.0,29.95,1.5,West,17.3,,Light Snow,False,False,False,False,False,False,False,False,False,False,False,False,False,Day,Day,Day,Day
A-2716672,4,2016-02-10 14:57:58,2016-02-10 20:57:58,41.67073,-81.24561,41.71039,-81.17253,4.661,Closed between OH-44/Exit 200 and Vrooman Rd/Exit 205 - Road closed due to accident.,,I-90 E,R,Painesville,Lake,OH,44077,US,US/Eastern,KCGF,2016-02-10 14:45:00,19.4,5.0,86.0,29.82,3.0,WNW,16.1,,Light Snow,False,False,False,False,False,False,False,False,False,False,False,False,False,Day,Day,Day,Day
A-2716673,4,2016-02-10 14:59:15,2016-02-10 20:59:15,41.70846,-81.17636,41.66819,-81.25265,4.82,Closed between Vrooman Rd/Exit 205 and OH-44/Exit 200 - Road closed due to accident.,,I-90 W,R,Painesville,Lake,OH,44077,US,US/Eastern,KCGF,2016-02-10 14:45:00,19.4,5.0,86.0,29.82,3.0,WNW,16.1,,Light Snow,False,False,False,False,False,False,False,False,False,False,False,False,False,Day,Day,Day,Day
A-2716674,2,2016-02-10 15:31:15,2016-02-10 21:31:15,41.44246,-81.78485,41.4453,-81.77379,0.606,At 130th St/Bellaire Rd/Exit 242 - Accident. in the right lane.,,I-71 N,R,Cleveland,Cuyahoga,OH,44135,US,US/Eastern,KCLE,2016-02-10 15:35:00,21.9,11.0,63.0,29.86,5.0,West,10.4,0.0,Light Snow,False,False,False,False,False,False,False,False,False,False,False,False,False,Day,Day,Day,Day
A-2716675,2,2016-02-10 15:31:15,2016-02-10 21:31:15,39.77128,-84.1923,39.76697,-84.19893,0.461,At OH-48/Grand Ave/Exit 54 - Accident. in the right lane.,,I-75 S,R,Dayton,Montgomery,OH,45405,US,US/Eastern,KDAY,2016-02-10 15:56:00,16.0,-0.4,65.0,30.03,10.0,West,18.4,,Overcast,False,False,False,False,False,False,False,False,False,False,False,False,False,Day,Day,Day,Day
A-2716676,2,2016-02-10 15:31:15,2016-02-10 21:31:15,41.50499,-81.47417,41.49859,-81.48381,0.667,At Brainard Rd/Cedar Rd/Exit 32 - Accident. in the right lane.,,Outerbelt East Fwy S,R,Cleveland,Cuyahoga,OH,44124,US,US/Eastern,KCGF,2016-02-10 15:45:00,21.2,7.3,74.0,29.83,7.0,NNW,16.1,,Overcast,False,False,False,False,False,False,False,False,False,False,False,False,False,Day,Day,Day,Day
A-2716677,4,2016-02-10 16:06:41,2016-02-10 22:06:41,40.109653,-80.2029,40.020034,-80.175188,6.363,Closed between US-19/Exit 30 and Ten Mile Rd/Exit 23 - Road closed due to accident.,,I-79 S,R,Washington,Washington,PA,15301,US,US/Eastern,KAFJ,2016-02-10 16:15:00,19.4,6.6,74.0,29.84,3.0,SW,12.7,,Overcast,False,False,False,False,False,False,False,False,False,False,False,False,False,Day,Day,Day,Day
A-2716678,2,2016-02-10 17:01:25,2016-02-10 23:01:25,38.38852,-81.7687,38.39031,-81.76928,0.128,At WV-25/Exit 50 - Accident.,,I-64 W,R,Dunbar,Kanawha,WV,25064,US,US/Eastern,KCRW,2016-02-10 16:54:00,21.0,7.6,57.0,30.02,9.0,West,15.0,0.0,Light Snow,False,False,False,False,False,False,False,False,False,False,False,False,False,Day,Day,Day,Day
A-2716679,2,2016-02-10 17:30:32,2016-02-10 23:30:32,41.03572,-81.57809,41.04078,-81.61203,1.803,Between OH-619/Wooster Rd/Exit 17 and Barber Rd/Exit 16 - Accident. in the left lane.,,N Wooster Rd,R,Akron,Summit,OH,44314,US,US/Eastern,KAKR,2016-02-10 17:36:00,19.9,11.1,81.0,29.86,3.0,West,6.9,0.0,Light Snow,False,False,False,False,False,False,False,False,False,False,False,False,False,Day,Day,Day,Day
A-2716680,2,2016-02-10 21:05:16,2016-02-11 03:05:16,41.47487,-81.72095,41.47442,-81.71182,0.474,At 41st St/Exit 169 - Accident. in the right lane.,,I-90 E,R,Cleveland,Cuyahoga,OH,44102,US,US/Eastern,KBKL,2016-02-10 21:05:00,21.9,4.8,68.0,29.92,1.8,West,26.5,0.0,Light Snow,False,False,False,False,False,False,False,False,False,False,False,False,False,Night,Night,Night,Night
A-2716681,4,2016-02-11 05:25:17,2016-02-11 11:25:17,41.62845,-84.80559,41.62873,-84.80369,0.1,Closed at Ohio/Indiana State Line - Road closed due to accident.,,I-90 E,R,Angola,Steuben,IN,46703,US,US/Eastern,KANQ,2016-02-11 05:35:00,12.2,6.1,92.0,30.09,9.0,West,3.5,,Overcast,False,False,False,False,False,False,False,False,False,False,False,False,False,Night,Night,Night,Night
A-2716682,4,2016-02-11 05:25:17,2016-02-11 11:25:17,41.62894,-84.80373,41.62866,-84.80562,0.1,Closed at I-69/US-27/Exit 144 - Road closed due to accident.,,I-80 W,R,Edon,Williams,OH,43518,US,US/Eastern,KANQ,2016-02-11 05:35:00,12.2,6.1,92.0,30.09,9.0,West,3.5,,Overcast,False,False,False,False,False,False,False,False,False,False,False,False,False,Night,Night,Night,Night
A-2716683,3,2016-02-11 05:35:40,2016-02-11 11:35:40,41.16102,-81.78573,41.15666,-81.78646,0.304,At I-271/Exit 220 - Accident.,,I-71 S,R,Medina,Medina,OH,44256,US,US/Eastern,KCLE,2016-02-11 05:51:00,14.0,0.5,56.0,30.14,9.0,NW,11.5,0.0,Light Snow,False,False,False,False,False,False,False,False,False,False,False,False,False,Night,Night,Night,Night
A-2716684,4,2016-02-11 06:25:19,2016-02-11 12:25:19,41.628232,-84.808858,41.735609,-84.982632,11.638,Closed between Indiana/Ohio State Line and I-69/US-27/Exit 144 - Road closed due to accident.,,I-80 W,R,Angola,Steuben,IN,46703,US,US/Eastern,KANQ,2016-02-11 06:35:00,12.2,4.3,92.0,30.12,10.0,WNW,4.6,,Overcast,False,False,False,False,False,False,False,False,False,False,False,False,False,Night,Night,Night,Day
A-2716685,4,2016-02-11 06:25:19,2016-02-11 12:25:19,41.62986,-84.76619,41.62866,-84.80562,2.038,Closed between OH-49/Exit 2 and Indiana/Ohio State Line - Road closed due to accident.,,I-80 W,R,Edon,Williams,OH,43518,US,US/Eastern,KANQ,2016-02-11 06:35:00,12.2,4.3,92.0,30.12,10.0,WNW,4.6,,Overcast,False,False,False,False,False,False,False,False,False,False,False,False,False,Night,Night,Night,Day
A-2716686,2,2016-02-11 06:26:40,2016-02-11 12:26:40,39.74729,-84.21426,39.74876,-84.20146,0.688,At I-75 - Accident.,534.0, S Broadway St,L,Dayton,Montgomery,OH,45417-3466,US,US/Eastern,KDAY,2016-02-11 05:56:00,7.0,-5.7,87.0,30.22,10.0,West,8.1,,Scattered Clouds,False,False,False,False,False,False,False,False,False,False,False,False,False,Night,Night,Night,Day
A-2716687,2,2016-02-11 06:35:24,2016-02-11 12:35:24,41.42099,-81.69052,41.411,-81.66885,1.318,At OH-176/OH-17/Exit 17 - Accident.,,I-480 E,R,Cleveland,Cuyahoga,OH,44109,US,US/Eastern,KBKL,2016-02-11 06:53:00,17.1,-0.3,59.0,30.12,10.0,NW,21.9,,Overcast,False,False,False,False,False,False,False,False,False,False,False,False,False,Night,Night,Day,Day
A-2716688,3,2016-02-11 06:53:49,2016-02-11 12:53:49,41.42318,-81.84674,41.42192,-81.8429,0.217,At Grayton Rd/Exit 9 - Accident.,,I-480 E,R,Cleveland,Cuyahoga,OH,44135,US,US/Eastern,KCLE,2016-02-11 06:51:00,14.0,-2.0,56.0,30.16,9.0,NW,16.1,0.0,Mostly Cloudy,False,False,False,False,False,False,False,False,False,False,False,False,False,Night,Night,Day,Day
A-2716689,3,2016-02-11 06:53:49,2016-02-11 12:53:49,38.79691,-84.48273,38.80878,-84.49638,1.101,Between Crittenden and Visalia - Accident.,15983.0, Madison Pike,R,De Mossville,Pendleton,KY,41033-9698,US,US/Eastern,KCVG,2016-02-11 06:52:00,12.0,4.1,77.0,30.24,10.0,West,4.6,,Overcast,False,False,False,False,False,False,False,False,False,False,False,False,False,Night,Night,Day,Day
A-2716690,3,2016-02-11 06:53:49,2016-02-11 12:53:49,38.80878,-84.49638,38.79691,-84.48273,1.101,Between Visalia and Crittenden - Accident.,,Madison Pike,R,De Mossville,Kenton,KY,41033,US,US/Eastern,KCVG,2016-02-11 06:52:00,12.0,4.1,77.0,30.24,10.0,West,4.6,,Overcast,False,False,False,False,False,False,False,False,False,False,False,False,False,Night,Night,Day,Day
A-2716691,3,2016-02-11 07:22:41,2016-02-11 13:22:41,38.30155,-85.85499,38.30011,-85.84846,0.368,At I-265/Exit 121 - Accident.,,US-150 E,R,New Albany,Floyd,IN,47150,US,US/Eastern,KLOU,2016-02-11 06:53:00,21.0,12.4,60.0,30.27,10.0,North,6.9,,Overcast,False,False,False,False,False,False,False,False,False,False,False,False,False,Night,Day,Day,Day
A-2716692,2,2016-02-11 07:20:03,2016-02-11 13:20:03,38.33667,-81.65623,38.33614,-81.65623,0.037,Between Smith Rd and Tennis Club Rd - Accident.,207.0, Oakwood Rd,L,Charleston,Kanawha,WV,25314-2347,US,US/Eastern,KCRW,2016-02-11 06:54:00,16.0,5.3,59.0,30.22,10.0,West,8.1,0.0,Mostly Cloudy,False,False,False,False,False,False,False,False,False,False,False,False,False,Night,Day,Day,Day
A-2716693,2,2016-02-11 07:20:03,2016-02-11 13:20:03,38.33614,-81.65623,38.33667,-81.65623,0.037,Between Tennis Club Rd and Smith Rd - Accident.,201.0, Oakwood Rd,L,Charleston,Kanawha,WV,25314-2335,US,US/Eastern,KCRW,2016-02-11 06:54:00,16.0,5.3,59.0,30.22,10.0,West,8.1,0.0,Mostly Cloudy,False,False,False,False,False,False,False,False,False,False,False,False,False,Night,Day,Day,Day
A-2716694,2,2016-02-11 07:29:07,2016-02-11 13:29:07,41.0961,-81.58593,41.10186,-81.59001,0.451,At White Pond Dr/Mull Ave/Exit 132 - Accident.,,I-77 N,R,Akron,Summit,OH,44320,US,US/Eastern,KAKR,2016-02-11 07:28:00,12.0,0.5,80.0,30.08,2.0,West,8.1,0.0,Light Snow,False,False,False,False,True,False,False,False,False,False,False,False,False,Day,Day,Day,Day
A-2716695,3,2016-02-11 07:45:24,2016-02-11 13:45:24,41.12155,-85.18716,41.119121,-85.189639,0.212,At US-30/US-33/IN-930/Exit 109 - Accident.,,US-30 E,R,Fort Wayne,Allen,IN,46808,US,US/Eastern,KFWA,2016-02-11 07:54:00,15.1,4.2,70.0,30.25,10.0,West,8.1,0.0,Mostly Cloudy,False,False,False,False,False,False,False,False,False,False,False,False,False,Day,Day,Day,Day
A-2716696,3,2016-02-11 07:45:23,2016-02-11 13:45:23,38.829993,-80.667067,38.806587,-80.662776,1.634,At US-19/Exit 67 - Accident.,,I-79 S,R,Burnsville,Braxton,WV,26335,US,US/Eastern,K48I,2016-02-11 07:53:00,12.0,-3.0,73.0,28.83,10.0,W,13.0,0.0,Cloudy,False,False,False,False,False,False,False,False,False,False,False,False,False,Day,Day,Day,Day
A-2716697,2,2016-02-11 07:47:57,2016-02-11 13:47:57,40.05642,-83.03097,40.05456,-83.03166,0.134,At Henderson Rd - Accident.,,Olentangy Fwy S,R,Columbus,Franklin,OH,43214,US,US/Eastern,KOSU,2016-02-11 07:53:00,9.0,-3.2,84.0,30.24,10.0,West,8.1,,Overcast,False,False,False,False,False,False,False,False,False,False,False,False,False,Day,Day,Day,Day
A-2716698,2,2016-02-11 07:47:57,2016-02-11 13:47:57,41.37717,-81.5139,41.36828,-81.51647,0.629,At Broadway Ave/Forbes Rd/Exit 23 - Accident.,,I-480 E,R,Bedford,Cuyahoga,OH,44146,US,US/Eastern,KBKL,2016-02-11 07:53:00,18.0,-0.5,57.0,30.14,10.0,WNW,26.5,,Overcast,False,False,False,False,False,False,False,False,False,False,False,False,False,Day,Day,Day,Day
